-- =========== TABLA: especies ===========
INSERT INTO especies (nombre) VALUES
('Perro'),
('Gato'),
('Ave');

-- =========== TABLA: razas ===========
INSERT INTO razas (especie_id, nombre) VALUES
(1, 'Labrador Retriever'),
(1, 'Golden Retriever'),
(1, 'Pastor Alemán'),
(1, 'Bulldog Francés'),
(1, 'Chihuahua'),
(2, 'Persa'),
(2, 'Siamés'),
(2, 'Maine Coon'),
(2, 'Británico de Pelo Corto'),
(2, 'Ragdoll'),
(3, 'Gallina'),
(3, 'Pavo'),
(3, 'Pato');

-- =========== TABLA: producto_tipos ===========
INSERT INTO producto_tipos (nombre) VALUES
('Medicamento'),
('Vacuna'),
('Insumo Médico'),
('Alimento');

-- =========== TABLA: evento_tipos ===========
INSERT INTO evento_tipos (nombre) VALUES
('Vacunación'),
('Consulta'),
('Cirugía'),
('Desparasitación');

-- =========== TABLA: cita_estados ===========
INSERT INTO cita_estados (nombre) VALUES
('Programada'),
('En Proceso'),
('Finalizada'),
('Cancelada');

-- =========== TABLA: duenos ===========
INSERT INTO duenos (nombre_completo, documento_identidad, direccion, telefono, email) VALUES
('María González Pérez', '12345678', 'Calle 15 #20-35, Bucaramanga', '3001234567', 'maria.gonzalez@email.com'),
('Carlos Rodríguez López', '23456789', 'Carrera 27 #45-12, Bucaramanga', '3012345678', 'carlos.rodriguez@email.com'),
('Ana Martínez Silva', '34567890', 'Avenida Quebradaseca #30-25', '3023456789', 'ana.martinez@email.com'),
('Luis Fernando Castro', '45678901', 'Calle 36 #18-40, Floridablanca', '3034567890', 'luis.castro@email.com'),
('Patricia Morales Ruiz', '56789012', 'Carrera 33 #22-15, Girón', '3045678901', 'patricia.morales@email.com'),
('Roberto Jiménez Torres', '67890123', 'Calle 48 #25-30, Piedecuesta', '3056789012', 'roberto.jimenez@email.com'),
('Carmen Vega Herrera', '78901234', 'Avenida Santander #40-20', '3067890123', 'carmen.vega@email.com'),
('Diego Ramírez Gómez', '89012345', 'Calle 12 #35-45, Bucaramanga', '3078901234', 'diego.ramirez@email.com'),
('Sofía Delgado Vargas', '90123456', 'Carrera 15 #28-35', '3089012345', 'sofia.delgado@email.com'),
('Andrés Paredes Luna', '01234567', 'Calle 52 #33-20, Floridablanca', '3090123456', 'andres.paredes@email.com'),
('Isabella Cruz Mendoza', '11234567', 'Avenida Los Estudiantes #45-12', '3101234567', 'isabella.cruz@email.com'),
('Fernando Osorio Díaz', '21234567', 'Calle 38 #20-25, Girón', '3112345678', 'fernando.osorio@email.com'),
('Valentina Soto Restrepo', '31234567', 'Carrera 42 #15-30', '3123456789', 'valentina.soto@email.com'),
('Miguel Ángel Ramos', '41234567', 'Calle 60 #28-40, Piedecuesta', '3134567890', 'miguel.ramos@email.com'),
('Claudia Torres Mejía', '51234567', 'Avenida Centenario #35-15', '3145678901', 'claudia.torres@email.com'),
('Javier Muñoz Cardona', '61234567', 'Calle 25 #40-20, Bucaramanga', '3156789012', 'javier.munoz@email.com'),
('Natalia Guerrero Peña', '71234567', 'Carrera 18 #32-45', '3167890123', 'natalia.guerrero@email.com'),
('Alejandro Serrano Gil', '81234567', 'Calle 44 #25-35, Floridablanca', '3178901234', 'alejandro.serrano@email.com'),
('Camila Espinosa Acosta', '91234567', 'Avenida Bolívar #50-20', '3189012345', 'camila.espinosa@email.com'),
('Ricardo Téllez Mora', '02345678', 'Calle 35 #45-30, Girón', '3190123456', 'ricardo.tellez@email.com'),
('Mariana Castillo Ortiz', '13456789', 'Carrera 25 #38-15', '3201234567', 'mariana.castillo@email.com'),
('Sebastián Rojas Quintero', '24567890', 'Calle 55 #22-40, Piedecuesta', '3212345678', 'sebastian.rojas@email.com'),
('Daniela Aguilar Franco', '35678901', 'Avenida Bucaros #30-25', '3223456789', 'daniela.aguilar@email.com'),
('Hernán Vargas Solano', '46789012', 'Calle 20 #35-45, Bucaramanga', '3234567890', 'hernan.vargas@email.com'),
('Lucía Bermúdez Castaño', '57890123', 'Carrera 40 #28-20', '3245678901', 'lucia.bermudez@email.com');

-- =========== TABLA: mascotas ===========
INSERT INTO mascotas (dueno_id, nombre, raza_id, fecha_nacimiento, sexo, url_foto, vacunado) VALUES
(1, 'Max', 1, '2020-03-15', 'Macho', 'https://ejemplo.com/max.jpg', 'Si'),
(2, 'Luna', 2, '2021-07-22', 'Hembra', 'https://ejemplo.com/luna.jpg', 'Si'),
(3, 'Rocky', 3, '2019-11-08', 'Macho', 'https://ejemplo.com/rocky.jpg', 'Si'),
(4, 'Mia', 2, '2022-01-30', 'Hembra', 'https://ejemplo.com/mia.jpg', 'No'),
(5, 'Toby', 4, '2020-09-12', 'Macho', 'https://ejemplo.com/toby.jpg', 'Si'),
(6, 'Bella', 2, '2021-04-18', 'Hembra', 'https://ejemplo.com/bella.jpg', 'Si'),
(7, 'Charlie', 5, '2019-12-25', 'Macho', 'https://ejemplo.com/charlie.jpg', 'Si'),
(8, 'Lola', 8, '2022-06-10', 'Hembra', 'https://ejemplo.com/lola.jpg', 'No'),
(9, 'Buddy', 1, '2020-08-05', 'Macho', 'https://ejemplo.com/buddy.jpg', 'Si'),
(10, 'Coco', 9, '2021-10-14', 'Hembra', 'https://ejemplo.com/coco.jpg', 'Si'),
(11, 'Zeus', 3, '2019-05-20', 'Macho', 'https://ejemplo.com/zeus.jpg', 'Si'),
(12, 'Nala', 10, '2022-02-28', 'Hembra', 'https://ejemplo.com/nala.jpg', 'No'),
(13, 'Oscar', 11, '2021-12-03', 'Macho', 'https://ejemplo.com/oscar.jpg', 'Si'),
(14, 'Kira', 6, '2020-07-16', 'Hembra', 'https://ejemplo.com/kira.jpg', 'Si'),
(15, 'Rex', 2, '2019-09-30', 'Macho', 'https://ejemplo.com/rex.jpg', 'Si'),
(16, 'Emma', 12, '2022-04-12', 'Hembra', 'https://ejemplo.com/emma.jpg', 'No'),
(17, 'Bruno', 4, '2020-11-25', 'Macho', 'https://ejemplo.com/bruno.jpg', 'Si'),
(18, 'Dora', 13, '2021-08-07', 'Hembra', 'https://ejemplo.com/dora.jpg', 'Si'),
(19, 'Simba', 1, '2019-06-18', 'Macho', 'https://ejemplo.com/simba.jpg', 'Si'),
(20, 'Princesa', 7, '2022-03-22', 'Hembra', 'https://ejemplo.com/princesa.jpg', 'No'),
(21, 'Thor', 1, '2021-01-15', 'Macho', 'https://ejemplo.com/thor.jpg', 'Si'),
(22, 'Maya', 13, '2020-10-08', 'Hembra', 'https://ejemplo.com/maya.jpg', 'Si'),
(23, 'Dante', 5, '2019-04-25', 'Macho', 'https://ejemplo.com/dante.jpg', 'Si'),
(24, 'Canela', 8, '2022-07-14', 'Hembra', 'https://ejemplo.com/canela.jpg', 'No'),
(25, 'Cooper', 2, '2020-12-30', 'Macho', 'https://ejemplo.com/cooper.jpg', 'Si');

-- =========== TABLA: veterinario ===========
INSERT INTO veterinario (nombre_completo, documento_identidad, telefono, email) VALUES
('Dr. Juan Carlos Mendoza', 'V12345678', '3151234567', 'juan.mendoza@vetclinic.com'),
('Dra. María Elena Ruiz', 'V23456789', '3162345678', 'maria.ruiz@vetclinic.com'),
('Dr. Carlos Alberto Torres', 'V34567890', '3173456789', 'carlos.torres@vetclinic.com'),
('Dra. Ana Sofía Delgado', 'V45678901', '3184567890', 'ana.delgado@vetclinic.com'),
('Dr. Luis Fernando García', 'V56789012', '3195678901', 'luis.garcia@vetclinic.com'),
('Dra. Patricia González', 'V67890123', '3206789012', 'patricia.gonzalez@vetclinic.com'),
('Dr. Roberto Jiménez', 'V78901234', '3217890123', 'roberto.jimenez@vetclinic.com'),
('Dra. Carmen Vega', 'V89012345', '3228901234', 'carmen.vega@vetclinic.com'),
('Dr. Diego Ramírez', 'V90123456', '3239012345', 'diego.ramirez@vetclinic.com'),
('Dra. Sofía Castro', 'V01234567', '3240123456', 'sofia.castro@vetclinic.com'),
('Dr. Andrés Paredes', 'V11234567', '3251234567', 'andres.paredes@vetclinic.com'),
('Dra. Isabella Cruz', 'V21234567', '3262345678', 'isabella.cruz@vetclinic.com'),
('Dr. Fernando Osorio', 'V31234567', '3273456789', 'fernando.osorio@vetclinic.com'),
('Dra. Valentina Soto', 'V41234567', '3284567890', 'valentina.soto@vetclinic.com'),
('Dr. Miguel Ángel Ramos', 'V51234567', '3295678901', 'miguel.ramos@vetclinic.com'),
('Dra. Claudia Torres', 'V61234567', '3306789012', 'claudia.torres@vetclinic.com'),
('Dr. Javier Muñoz', 'V71234567', '3317890123', 'javier.munoz@vetclinic.com'),
('Dra. Natalia Guerrero', 'V81234567', '3328901234', 'natalia.guerrero@vetclinic.com'),
('Dr. Alejandro Serrano', 'V91234567', '3339012345', 'alejandro.serrano@vetclinic.com'),
('Dra. Camila Espinosa', 'V02345678', '3340123456', 'camila.espinosa@vetclinic.com'),
('Dr. Ricardo Téllez', 'V13456789', '3351234567', 'ricardo.tellez@vetclinic.com'),
('Dra. Mariana Castillo', 'V24567890', '3362345678', 'mariana.castillo@vetclinic.com'),
('Dr. Sebastián Rojas', 'V35678901', '3373456789', 'sebastian.rojas@vetclinic.com'),
('Dra. Daniela Aguilar', 'V46789012', '3384567890', 'daniela.aguilar@vetclinic.com'),
('Dr. Hernán Vargas', 'V57890123', '3395678901', 'hernan.vargas@vetclinic.com');

-- =========== TABLA: centro_veterinario ===========
INSERT INTO centro_veterinario (id, nit, nombre, telefono, direccion, email) VALUES
(1, '900123456-1', 'Centro Veterinario Happy Feet', '6076543210', 'Calle 45 #23-15, Bucaramanga', 'info@sanfrancisco.vet');

-- =========== TABLA: historial_medico ===========
INSERT INTO historial_medico (mascota_id, fecha_evento, evento_tipo_id, descripcion, diagnostico, tratamiento_recomendado, centro_veterinario_id) VALUES
(1, '2023-01-15', 1, 'Vacunación anual completa', 'Animal sano para vacunación', 'Aplicación de vacuna múltiple', 1),
(2, '2023-02-20', 2, 'Consulta por pérdida de apetito', 'Gastritis leve', 'Dieta blanda y medicamento', 1),
(3, '2023-03-10', 4, 'Desparasitación rutinaria', 'Presencia de parásitos intestinales', 'Antiparasitario oral', 1),
(4, '2023-04-05', 3, 'Esterilización programada', 'Procedimiento electivo', 'Cirugía de esterilización', 1),
(5, '2023-05-18', 2, 'Control post-operatorio', 'Herida en proceso de cicatrización', 'Continuar con antibiótico', 1),
(6, '2023-06-22', 1, 'Vacunación de refuerzo', 'Animal en buen estado', 'Aplicación de vacuna antirrábica', 1),
(7, '2023-07-30', 2, 'Consulta de emergencia por vómito', 'Intoxicación alimentaria leve', 'Tratamiento sintomático', 1),
(8, '2023-08-15', 2, 'Revisión dermatológica', 'Dermatitis alérgica', 'Champú medicinal y antihistamínico', 1),
(9, '2023-09-08', 2, 'Limpieza dental programada', 'Acumulación de sarro', 'Limpieza dental bajo anestesia', 1),
(10, '2023-10-12', 2, 'Consulta por cojera', 'Luxación de rótula grado I', 'Reposo y antiinflamatorio', 1),
(11, '2023-11-25', 4, 'Desparasitación externa', 'Infestación de pulgas', 'Tratamiento antipulgas', 1),
(12, '2023-12-18', 1, 'Primera vacunación', 'Cachorro sano', 'Inicio del plan de vacunación', 1),
(13, '2024-01-22', 2, 'Control de peso', 'Sobrepeso moderado', 'Dieta hipocalórica', 1),
(14, '2024-02-14', 3, 'Castración', 'Procedimiento electivo', 'Cirugía de castración', 1),
(15, '2024-03-20', 2, 'Consulta oftalmológica', 'Conjuntivitis bacteriana', 'Colirio antibiótico', 1),
(16, '2024-04-08', 4, 'Desparasitación interna', 'Presencia de helmintos', 'Vermífugo de amplio espectro', 1),
(17, '2024-05-15', 2, 'Revisión general anual', 'Estado general bueno', 'Continuar con cuidados regulares', 1),
(18, '2024-06-30', 1, 'Vacunación múltiple', 'Animal apto para vacunación', 'Aplicación de vacuna completa', 1),
(19, '2024-07-12', 3, 'Emergencia por traumatismo', 'Herida cortante en pata', 'Sutura y antibiótico', 1),
(20, '2024-08-25', 2, 'Consulta por letargo', 'Anemia leve', 'Suplemento de hierro', 1),
(21, '2024-09-10', 2, 'Revisión dental', 'Gingivitis moderada', 'Tratamiento periodontal', 1),
(22, '2024-10-18', 4, 'Control de parásitos', 'Garrapatas en orejas', 'Tratamiento garrapaticida', 1),
(23, '2024-11-05', 2, 'Consulta respiratoria', 'Bronquitis leve', 'Expectorante y reposo', 1),
(24, '2024-12-20', 1, 'Vacunación de cachorro', 'Segunda dosis de vacunas', 'Continuar con protocolo', 1),
(25, '2025-01-15', 2, 'Control general', 'Animal en excelente estado', 'Mantener cuidados actuales', 1);

-- =========== TABLA: inventario ===========
INSERT INTO inventario (nombre_producto, producto_tipo_id, descripcion, fabricante, lote, cantidad_stock, stock_minimo, fecha_vencimiento, precio_venta) VALUES
('Vacuna Múltiple Canina', 2, 'Vacuna contra distemper, hepatitis, parvovirus', 'VetPharm', 'VAC001', 50, 10, '2025-12-31', 45000.00),
('Alimento Concentrado Perro', 4, 'Alimento premium para perros adultos', 'PetFood', 'ALI004', 200, 50, '2025-08-20', 65000.00),
('Vacuna Antirrábica', 2, 'Vacuna contra la rabia', 'RabiesVac', 'RAB010', 45, 8, '2025-10-15', 38000.00),
('Colirio Oftálmico', 1, 'Pastilla para infecciones oculares', 'EyeCare', 'COL011', 25, 5, '2025-04-22', 20000.00),
('Spray Cicatrizante', 3, 'Spray para acelerar cicatrización', 'HealFast', 'SPR012', 40, 8, '2025-12-08', 26000.00),
('Tranquilizante Suave', 1, 'Sedante para procedimientos menores', 'CalmVet', 'TRA013', 20, 4, '2025-06-12', 42000.00),
('Alimento Gatos Premium', 4, 'Concentrado para gatos adultos', 'FelineFood', 'GAT014', 150, 30, '2025-09-05', 58000.00),
('Jeringa Desechable 5ml', 3, 'Jeringas estériles para inyección', 'MedSupply', 'JER015', 200, 50, '2026-02-28', 2500.00);

-- =========== TABLA: citas ===========
INSERT INTO citas (mascota_id, fecha_hora, motivo, estado_id, veterinario_id) VALUES
(1, '2024-01-15 09:00:00', 'Vacunación anual', 3, 1),
(2, '2024-01-18 10:30:00', 'Consulta por pérdida de apetito', 3, 2),
(3, '2024-01-22 14:00:00', 'Desparasitación', 4, 3),
(4, '2024-01-25 11:15:00', 'Esterilización', 3, 4),
(5, '2024-02-01 16:30:00', 'Control post-operatorio', 3, 5),
(6, '2026-02-05 09:45:00', 'Vacuna antirrábica', 1, 6),
(7, '2024-02-08 13:20:00', 'Emergencia - vómito', 3, 7),
(8, '2024-02-12 15:00:00', 'Revisión dermatológica', 3, 8),
(9, '2024-02-15 10:00:00', 'Limpieza dental', 3, 9),
(10, '2024-02-20 11:30:00', 'Consulta por cojera', 3, 10),
(11, '2024-02-22 14:45:00', 'Tratamiento antipulgas', 3, 11),
(12, '2024-02-26 09:15:00', 'Primera vacunación', 2, 12),
(13, '2026-03-01 16:00:00', 'Control de peso', 1, 13),
(14, '2024-03-05 12:30:00', 'Castración', 3, 14),
(15, '2024-03-08 10:45:00', 'Consulta oftalmológica', 3, 15),
(16, '2024-03-12 15:30:00', 'Desparasitación interna', 3, 16),
(17, '2024-03-15 09:00:00', 'Revisión anual', 4, 17),
(18, '2024-03-20 13:15:00', 'Vacunación múltiple', 3, 18),
(19, '2024-03-22 11:00:00', 'Emergencia traumatismo', 3, 19),
(20, '2024-03-26 14:30:00', 'Consulta por letargo', 3, 20),
(21, '2026-04-02 10:15:00', 'Revisión dental', 1, 21),
(22, '2024-04-05 16:45:00', 'Control de garrapatas', 3, 22),
(23, '2024-04-08 12:00:00', 'Consulta respiratoria', 3, 23),
(24, '2024-04-12 09:30:00', 'Segunda vacunación', 3, 24),
(25, '2024-04-15 15:00:00', 'Control general', 4, 25);

-- =========== TABLA: facturas ===========
INSERT INTO facturas (dueno_id, fecha_emision, total, centro_veterinario_id) VALUES
(1, '2024-01-15 09:30:00', 75000.00, 1),
(2, '2024-01-18 11:00:00', 120000.00, 1),
(3, '2024-01-22 14:30:00', 45000.00, 1),
(4, '2024-01-25 12:00:00', 350000.00, 1),
(5, '2024-02-01 17:00:00', 80000.00, 1),
(6, '2024-02-05 10:15:00', 68000.00, 1),
(7, '2024-02-08 13:45:00', 150000.00, 1),
(8, '2024-02-12 15:30:00', 95000.00, 1),
(9, '2024-02-15 11:00:00', 200000.00, 1),
(10, '2024-02-20 12:00:00', 85000.00, 1),
(11, '2024-02-22 15:15:00', 60000.00, 1),
(12, '2024-03-01 16:30:00', 70000.00, 1),
(14, '2024-03-05 13:00:00', 280000.00, 1),
(15, '2024-03-08 11:15:00', 45000.00, 1),
(16, '2024-03-12 16:00:00', 50000.00, 1),
(17, '2024-03-15 09:30:00', 90000.00, 1),
(18, '2024-03-20 13:45:00', 82000.00, 1),
(19, '2024-03-22 11:30:00', 180000.00, 1),
(20, '2024-03-26 15:00:00', 65000.00, 1),
(21, '2024-04-02 10:45:00', 110000.00, 1),
(22, '2024-04-05 17:15:00', 55000.00, 1),
(23, '2024-04-08 12:30:00', 75000.00, 1),
(24, '2024-04-12 10:00:00', 48000.00, 1),
(25, '2024-04-15 15:30:00', 60000.00, 1);

-- =========== TABLA: items_factura ===========
INSERT INTO items_factura (factura_id, producto_id, servicio_descripcion, cantidad, precio_unitario, subtotal) VALUES
(1, 1, NULL, 1, 45000.00, 45000.00),
(1, NULL, 'Consulta veterinaria', 1, 30000.00, 30000.00),
(2, NULL, 'Consulta especializada', 1, 50000.00, 50000.00),
(2, 7, NULL, 1, 58000.00, 58000.00),
(2, 8, NULL, 5, 2400.00, 12000.00),
(3, 2, NULL, 1, 25000.00, 25000.00),
(3, NULL, 'Consulta general', 1, 20000.00, 20000.00),
(4, NULL, 'Cirugía de esterilización', 1, 300000.00, 300000.00),
(4, 3, NULL, 1, 38000.00, 38000.00),
(4, 8, NULL, 5, 2400.00, 12000.00),
(5, NULL, 'Control post-operatorio', 1, 40000.00, 40000.00),
(5, 3, NULL, 1, 38000.00, 38000.00),
(5, 8, NULL, 2, 2500.00, 5000.00),
(6, 3, NULL, 1, 38000.00, 38000.00),
(6, NULL, 'Consulta vacunación', 1, 30000.00, 30000.00),
(7, NULL, 'Consulta de emergencia', 1, 80000.00, 80000.00),
(7, 1, NULL, 2, 45000.00, 90000.00),
(8, NULL, 'Consulta dermatológica', 1, 45000.00, 45000.00),
(8, 4, NULL, 2, 20000.00, 40000.00),
(8, 5, NULL, 1, 26000.00, 26000.00),
(8, 8, NULL, 1, 2000.00, 2000.00),
(9, NULL, 'Limpieza dental', 1, 180000.00, 180000.00),
(9, 6, NULL, 1, 42000.00, 42000.00),
(10, NULL, 'Consulta ortopédica', 1, 55000.00, 55000.00),
(10, 1, NULL, 2, 18000.00, 36000.00),
(11, 5, NULL, 1, 26000.00, 26000.00),
(11, NULL, 'Consulta general', 1, 34000.00, 34000.00),
(12, 1, NULL, 1, 45000.00, 45000.00),
(12, NULL, 'Primera consulta', 1, 25000.00, 25000.00),
(13, NULL, 'Consulta nutricional', 1, 35000.00, 35000.00),
(13, 2, NULL, 1, 65000.00, 65000.00),
(14, NULL, 'Cirugía de castración', 1, 250000.00, 250000.00),
(14, 3, NULL, 1, 35000.00, 35000.00),
(15, 4, NULL, 3, 20000.00, 60000.00),
(15, NULL, 'Consulta oftalmológica', 1, 5000.00, 5000.00),
(16, 2, NULL, 1, 65000.00, 65000.00),
(16, NULL, 'Consulta general', 1, 25000.00, 25000.00),
(17, NULL, 'Revisión anual completa', 1, 70000.00, 70000.00),
(17, 3, NULL, 1, 38000.00, 38000.00),
(18, 1, NULL, 1, 45000.00, 45000.00),
(18, NULL, 'Consulta vacunación', 1, 37000.00, 37000.00),
(19, NULL, 'Atención de emergencia', 1, 120000.00, 120000.00),
(19, 3, NULL, 2, 38000.00, 76000.00),
(20, NULL, 'Consulta general', 1, 40000.00, 40000.00),
(20, 6, NULL, 1, 42000.00, 42000.00),
(21, NULL, 'Tratamiento dental', 1, 90000.00, 90000.00),
(21, 5, NULL, 1, 26000.00, 26000.00),
(21, 6, NULL, 1, 35000.00, 35000.00),
(22, 5, NULL, 1, 26000.00, 26000.00),
(22, NULL, 'Consulta dermatológica', 1, 42000.00, 42000.00),
(23, NULL, 'Consulta respiratoria', 1, 50000.00, 50000.00),
(23, 6, NULL, 1, 42000.00, 42000.00),
(24, 1, NULL, 1, 45000.00, 45000.00),
(24, NULL, 'Segunda consulta', 1, 25000.00, 25000.00);